City_ID,City,Lat,Lng,Max Temp,Humidity,Cloudiness,Wind Speed,Country,Date
0,praia da vitoria,38.7333,-27.0667,68.76,68,40,8.84,PT,1716658999
1,lebu,-37.6167,-73.65,53.78,65,100,5.84,CL,1716659000
2,waitangi,-43.9535,-176.5597,48.81,80,98,15.99,NZ,1716659000
3,selfoss,63.9331,-20.9971,53.04,72,28,24.09,IS,1716659001
4,new amsterdam,6.25,-57.5167,75.7,97,100,3.47,GY,1716659001
5,adamstown,-25.066,-130.1015,70.59,69,41,14.63,PN,1716659002
6,afaahiti,-17.75,-149.2833,80.47,85,89,18.1,PF,1716659002
7,port-aux-francais,-49.35,70.2167,38.55,71,12,40.53,TF,1716659003
8,novokruchininskiy,51.7833,113.7667,37.13,75,63,2.42,RU,1716659003
9,college,64.8569,-147.8028,48.52,90,100,6.91,US,1716659004
10,ebon,4.582,168.6964,83.37,77,19,15.55,MH,1716659004
11,ushuaia,-54.8,-68.3,40.66,87,100,3.44,AR,1716658732
12,rio grande,-32.035,-52.0986,55.51,71,92,16.71,BR,1716659005
13,beitbridge,-22.2167,30.0,68.31,46,7,7.18,ZW,1716659006
14,queenstown,-31.8976,26.8753,57.51,55,33,0.43,ZA,1716659006
15,yellowknife,62.456,-114.3525,65.41,44,20,3.44,CA,1716659007
16,khorostkiv,49.2111,25.9217,58.75,70,39,8.03,UA,1716659008
17,gamba,-2.65,10.0,76.55,83,100,5.14,GA,1716658943
18,west island,-12.1568,96.8225,80.58,83,75,16.11,CC,1716659009
19,aasiaat,68.7098,-52.8699,29.77,77,15,5.19,GL,1716659009
20,petropavlovsk-kamchatsky,53.0452,158.6483,39.45,75,100,4.47,RU,1716658787
21,bethel,41.3712,-73.414,81.36,50,0,4.61,US,1716659010
22,puerto ayora,-0.7393,-90.3518,78.76,76,75,8.77,EC,1716659011
23,bredasdorp,-34.5322,20.0403,58.6,91,77,5.41,ZA,1716659011
24,longyearbyen,78.2186,15.6401,30.04,86,100,18.41,SJ,1716659012
25,edinburgh of the seven seas,-37.0676,-12.3116,62.2,88,98,25.3,SH,1716659012
26,olonkinbyen,70.9221,-8.7187,33.85,99,100,14.23,SJ,1716659013
27,tilcara,-23.5776,-65.3509,60.3,11,0,14.07,AR,1716659014
28,douglas,41.3,-96.167,76.35,39,0,17.27,US,1716659015
29,vorgashor,67.5833,63.95,27.81,96,97,17.43,RU,1716658988
30,ust-nera,64.5667,143.2,39.0,79,10,0.27,RU,1716659017
31,flying fish cove,-10.4217,105.6791,80.28,89,100,12.66,CX,1716659018
32,puerto natales,-51.7236,-72.4875,36.05,80,8,2.3,CL,1716659018
33,ban karon,7.8477,98.2985,82.31,73,100,2.26,TH,1716659019
34,selibaby,15.159,-12.1829,110.12,12,20,6.2,MR,1716659020
35,vorkuta,67.5,64.0,28.11,96,96,15.99,RU,1716659020
36,ust'-uda,54.1742,103.0304,54.45,62,90,3.13,RU,1716659021
37,choibalsan,48.0667,114.5,49.15,73,100,6.91,MN,1716658742
38,griffith,41.5284,-87.4237,77.25,46,0,9.22,US,1716658775
39,nurabad,34.0734,47.9725,60.82,43,28,3.49,IR,1716659022
40,blackmans bay,-43.0167,147.3167,37.72,93,30,1.99,AU,1716659023
41,nemuro,43.3236,145.575,43.57,83,39,10.83,JP,1716659024
42,iskateley,67.6803,53.1512,30.02,79,99,20.0,RU,1716659026
43,port mathurin,-19.6833,63.4167,77.41,78,91,19.66,MU,1716659026
44,bereznik,62.8551,42.7072,44.87,53,54,9.66,RU,1716659027
45,anori,-3.7728,-61.6442,90.59,56,67,3.53,BR,1716659027
46,itaituba,-4.2761,-55.9836,91.56,66,40,4.61,BR,1716659028
47,verkhnevilyuysk,63.4453,120.3167,50.77,91,89,5.26,RU,1716659029
48,port augusta,-32.5,137.7667,51.31,69,0,2.73,AU,1716659029
49,tete,-16.1564,33.5867,77.09,53,40,5.75,MZ,1716659030
50,ilulissat,69.2167,-51.1,35.62,69,0,6.91,GL,1716659031
51,nuriootpa,-34.4833,139.0,52.65,66,0,5.55,AU,1716659031
52,klyuchi,52.2667,79.1667,43.0,90,99,8.77,RU,1716659032
53,mount pearl,47.5166,-52.7813,60.46,94,100,2.3,CA,1716659032
54,grytviken,-54.2811,-36.5092,18.59,81,23,7.74,GS,1716659033
55,ribeira grande,38.5167,-28.7,68.4,64,40,8.01,PT,1716659034
56,atafu village,-8.5421,-172.5159,85.15,75,33,13.96,TK,1716659034
57,pamandzi,-12.7967,45.2794,78.58,73,75,12.66,YT,1716659035
58,quellon,-43.1167,-73.6167,45.66,61,100,3.83,CL,1716659035
59,el ksour,35.8961,8.8849,73.85,34,13,14.38,TN,1716659036
60,kodiak,57.79,-152.4072,40.51,81,100,11.5,US,1716659036
61,at taraf,25.3628,49.725,99.14,17,0,13.56,SA,1716659037
62,lijiang,26.8688,100.2207,60.69,80,68,3.74,CN,1716659038
63,luau,-10.7073,22.2247,70.07,39,4,5.53,AO,1716659038
64,punta arenas,-53.15,-70.9167,37.51,93,75,10.36,CL,1716658876
65,chonchi,-42.6128,-73.8092,51.01,65,99,3.83,CL,1716659039
66,isangel,-19.55,169.2667,69.73,73,82,10.0,VU,1716659040
67,pariaman,-0.619,100.12,86.05,73,97,4.79,ID,1716659041
68,bilibino,68.0546,166.4372,33.35,73,42,2.71,RU,1716659041
69,constantia,44.1833,28.65,65.08,79,100,12.82,RO,1716658871
70,lobujya,27.95,86.8167,31.96,99,100,3.47,NP,1716659043
71,port pirie,-33.1833,138.0167,55.0,60,0,3.85,AU,1716659043
72,egilsstadir,65.2653,-14.3948,53.51,71,75,18.41,IS,1716659044
73,shakiso,5.75,38.9167,60.49,99,47,2.42,ET,1716659044
74,margate,51.3813,1.3862,62.91,62,33,8.86,GB,1716658655
75,kanniyakumari,8.0833,77.5667,80.17,84,100,20.47,IN,1716659045
76,thompson,55.7435,-97.8558,44.76,70,100,13.8,CA,1716659046
77,corn island,12.1694,-83.0418,84.02,77,13,10.02,NI,1716659047
78,yanam,16.7333,82.2167,80.92,85,100,2.48,IN,1716659047
79,laguna,38.421,-121.4238,65.1,67,100,11.5,US,1716659048
80,marble falls,30.5782,-98.2728,93.31,60,0,10.36,US,1716659048
81,port alfred,-33.5906,26.891,62.19,92,64,11.25,ZA,1716659049
82,rabo de peixe,37.8,-25.5833,69.31,99,20,9.22,PT,1716659049
83,stanley,54.868,-1.6985,58.59,76,0,8.05,GB,1716659051
84,albany,42.6001,-73.9662,80.53,45,99,1.99,US,1716659052
85,rehoboth,-23.3167,17.0833,64.42,22,3,6.33,NA,1716659052
86,cabedelo,-6.9811,-34.8339,86.67,74,94,15.1,BR,1716659053
87,luganville,-15.5333,167.1667,76.96,88,99,8.77,VU,1716659053
88,st. john's,47.5649,-52.7093,61.29,94,100,5.75,CA,1716658761
89,aksu,41.1231,80.2644,71.28,47,91,6.15,CN,1716659054
90,tolanaro,-25.0319,46.9987,73.47,83,20,11.5,MG,1716659055
91,whitehorse,60.7161,-135.0538,51.1,47,75,9.22,CA,1716659056
92,lihue,21.9789,-159.3672,75.36,76,100,13.8,US,1716658785
93,hilo,19.7297,-155.09,72.95,92,100,1.99,US,1716658782
94,tiksi,71.6872,128.8694,38.86,80,95,10.58,RU,1716658920
95,kimbe,-5.5502,150.1429,76.66,95,95,4.25,PG,1716659058
96,alofi,-19.0595,-169.9187,75.09,94,100,9.22,NU,1716659059
97,hamilton,39.1834,-84.5333,82.51,67,75,9.22,US,1716659040
98,invercargill,-46.4,168.35,44.02,83,99,15.99,NZ,1716659060
99,barra de santo antonio,-9.4047,-35.5072,85.28,64,60,7.61,BR,1716659060
100,sitka,57.0531,-135.33,46.29,76,100,8.05,US,1716659061
101,kone,-21.0595,164.8658,68.45,60,100,2.55,NC,1716659062
102,selkirk,50.1436,-96.8845,45.09,96,100,16.26,CA,1716659062
103,andrews,32.3187,-102.5457,94.41,18,0,6.91,US,1716658881
104,atar,20.5169,-13.0499,101.35,10,56,13.71,MR,1716659063
105,mathba,22.2855,89.9629,85.32,75,100,15.14,BD,1716659064
106,oum hadjer,13.2954,19.6966,99.45,20,23,8.28,TD,1716659064
107,mugia,43.1041,-9.2179,63.91,89,96,4.5,ES,1716659065
108,arraial do cabo,-22.9661,-42.0278,78.76,83,75,13.8,BR,1716659065
109,iqaluit,63.7506,-68.5145,33.53,64,75,12.66,CA,1716659066
110,qandala,11.472,49.8728,89.42,56,45,0.81,SO,1716659067
111,turpan,42.9333,89.1667,89.8,21,100,6.64,CN,1716659067
112,manggar,-2.8833,108.2667,80.31,86,100,6.64,ID,1716659068
113,kuanda,56.3161,116.0806,49.37,52,15,1.54,RU,1716659068
114,mahriz,31.5917,54.4318,81.1,23,14,4.07,IR,1716659069
115,baoqing,46.3317,132.2111,53.85,54,98,3.31,CN,1716659069
116,shangzhi,45.2167,127.9667,50.54,96,100,7.11,CN,1716659070
117,mahanoro,-19.9,48.8,69.03,83,38,4.25,MG,1716659071
118,ezine,39.7856,26.3408,74.71,67,3,13.27,TR,1716659071
119,yemel'yanovo,56.1681,92.6767,49.08,70,40,2.24,RU,1716659072
120,weno,7.4515,151.8468,84.13,81,19,18.14,FM,1716659072
121,arica,-18.475,-70.3042,71.15,68,20,12.66,CL,1716658791
122,arkhangel'sk,64.5401,40.5433,45.1,53,40,4.47,RU,1716659073
123,san jose del guaviare,2.5729,-72.6459,72.3,100,100,0.65,CO,1716659074
124,avarua,-21.2078,-159.775,75.25,100,100,1.14,CK,1716659074
125,sibiti,-3.6819,13.3499,73.69,85,69,1.63,CG,1716659075
126,argo,37.6333,22.7333,70.65,62,98,5.19,GR,1716659076
127,makaha,21.4694,-158.2175,78.71,83,75,0.0,US,1716659076
128,happy valley-goose bay,53.3168,-60.3315,43.11,87,75,20.71,CA,1716659077
129,haiku-pauwela,20.9219,-156.3051,75.04,76,20,10.0,US,1716659077
130,ta`u,-14.2336,-169.5144,82.99,78,86,9.71,AS,1716659078
131,margaret river,-33.95,115.0667,61.34,72,8,7.0,AU,1716659079
132,kailua-kona,19.6406,-155.9956,75.16,95,75,4.61,US,1716658905
133,touros,-5.1989,-35.4608,84.51,67,67,14.65,BR,1716659080
134,isafjordur,66.0755,-23.124,53.64,66,20,11.5,IS,1716659081
135,mahibadhoo,3.7833,72.9667,83.62,79,100,17.0,MV,1716659081
136,port elizabeth,-33.918,25.5701,61.11,96,0,3.44,ZA,1716658958
137,dengi,9.3667,9.95,86.36,51,88,8.41,NG,1716659083
138,trairi,-3.2778,-39.2689,78.91,92,89,9.26,BR,1716659083
139,hermanus,-34.4187,19.2345,59.81,88,45,5.32,ZA,1716659084
140,georgetown,5.4112,100.3354,84.13,81,20,6.91,MY,1716659084
141,aripuana,-9.1667,-60.6333,96.37,33,53,4.76,BR,1716659085
142,puerto baquerizo moreno,-0.9,-89.6,81.59,65,40,11.5,EC,1716658808
143,priozersk,61.0393,30.1291,59.49,82,100,5.3,RU,1716659086
144,hawaiian paradise park,19.5933,-154.9731,72.03,91,100,6.91,US,1716659086
145,ponnamaravati,10.3,78.55,79.97,79,100,3.09,IN,1716659087
146,piti village,13.4626,144.6933,81.48,78,40,6.91,GU,1716659088
147,bengkulu,-3.8004,102.2655,78.46,89,100,3.91,ID,1716659088
148,udachny,66.4167,112.4,49.44,89,100,7.9,RU,1716659089
149,horta,38.5333,-28.6333,67.64,69,40,7.0,PT,1716659089
150,pingliang,35.5392,106.6861,59.47,92,5,1.41,CN,1716659090
151,chita,52.0333,113.55,35.49,81,33,4.47,RU,1716659090
152,laojunmiao,39.8333,97.7333,63.61,32,61,13.29,CN,1716659091
153,alice springs,-23.7,133.8833,45.95,76,0,2.3,AU,1716659091
154,nueva guinea,11.6876,-84.4562,94.19,43,35,8.66,NI,1716659092
155,vadso,70.0744,29.7487,41.88,60,75,12.66,NO,1716659093
156,menongue,-14.6585,17.691,62.71,37,24,5.1,AO,1716659093
157,adrar,20.5022,-10.0711,99.34,11,63,14.05,MR,1716659094
158,wailua homesteads,22.0669,-159.378,74.75,81,100,13.8,US,1716659094
159,nova vicosa,-17.8919,-39.3719,82.0,62,97,10.02,BR,1716659095
160,san pedro pochutla,15.7333,-96.4667,87.51,41,12,10.09,MX,1716659095
161,fale old settlement,-9.3852,-171.2468,84.76,77,53,12.26,TK,1716659096
162,pedernales,18.0384,-71.744,83.82,70,100,6.87,DO,1716659097
163,crossett,33.1282,-91.9612,87.78,52,15,7.76,US,1716659097
164,rongelap,11.1635,166.8941,81.57,86,100,20.27,MH,1716659098
165,neiafu,-18.65,-173.9833,77.68,94,40,0.0,TO,1716659098
166,longboat key,27.4125,-82.659,94.15,48,0,11.5,US,1716658591
167,beira,-19.8436,34.8389,71.69,73,20,7.0,MZ,1716659099
168,port saint john's,-31.6229,29.5448,67.8,85,78,9.86,ZA,1716659100
169,vila velha,-20.3297,-40.2925,80.55,76,75,19.57,BR,1716659005
170,hanceville,34.0607,-86.7675,84.11,90,98,5.66,US,1716659101
171,kruisfontein,-34.0033,24.7314,58.89,86,89,5.97,ZA,1716659102
172,kampung sungai ara,5.327,100.2735,84.11,89,40,4.61,MY,1716659103
173,lai,9.3952,16.2989,81.19,58,70,10.27,TD,1716659104
174,muisne,0.6,-80.0333,81.86,80,96,7.45,EC,1716659101
175,susa,35.8254,10.637,74.98,57,0,12.66,TN,1716658982
176,mossel bay,-34.1831,22.146,57.13,90,48,8.08,ZA,1716659106
177,new norfolk,-42.7826,147.0587,38.91,95,51,2.48,AU,1716659106
178,port lincoln,-34.7333,135.8667,57.56,68,0,8.37,AU,1716659107
179,ulladulla,-35.35,150.4667,52.77,88,64,5.19,AU,1716659108
180,tharangambadi,11.0319,79.8528,78.98,80,100,14.16,IN,1716659108
181,papatowai,-46.5619,169.4708,42.64,75,99,24.7,NZ,1716659109
182,whakatane,-37.9585,176.9854,55.78,91,99,3.0,NZ,1716659109
183,roma,43.2128,-75.4557,80.58,43,0,1.99,US,1716659110
184,ulsteinvik,62.3432,5.8487,71.91,78,8,3.31,NO,1716659110
185,mar del plata,-38.0023,-57.5575,55.09,68,75,13.8,AR,1716658885
186,chernyshevskiy,63.0128,112.4714,52.21,74,86,3.22,RU,1716659112
187,papao,-17.75,-149.55,82.08,84,46,19.37,PF,1716659112
188,altai,46.3722,96.2583,54.93,22,67,5.55,MN,1716659113
189,ayora,39.0585,-1.0563,89.01,25,32,1.77,ES,1716659113
190,nuuk,64.1835,-51.7216,39.81,60,20,13.8,GL,1716659114
191,badger,64.8,-147.5333,48.45,90,100,6.91,US,1716659114
192,talnakh,69.4865,88.3972,28.2,83,100,15.84,RU,1716659115
193,katoro,-3.0203,31.8958,72.23,58,98,3.91,TZ,1716659115
194,harvard,42.4222,-88.6137,70.84,57,14,6.22,US,1716659010
195,portland,45.5234,-122.6762,58.44,71,75,11.5,US,1716658921
196,port-vila,-17.7338,168.3219,71.2,88,100,3.44,VU,1716659117
197,batken,39.8333,71.0,48.22,86,100,1.59,KG,1716659118
198,lompoc,34.6391,-120.4579,69.69,77,0,11.5,US,1716659118
199,vernon,50.2581,-119.2691,65.3,45,83,5.01,CA,1716658871
200,lorengau,-2.0226,147.2712,82.29,85,60,11.16,PG,1716659120
201,san patricio,28.017,-97.5169,93.29,47,8,19.91,US,1716659120
202,nova sintra,14.8667,-24.7167,74.73,79,100,25.9,CV,1716659121
203,san antonio de pale,-1.4014,5.6325,80.28,74,75,6.02,GQ,1716659122
204,keflavik,64.0049,-22.5624,53.51,76,75,31.07,IS,1716659122
205,remire-montjoly,4.9167,-52.2667,77.04,94,100,4.61,GF,1716659123
206,qaqortoq,60.7167,-46.0333,36.82,68,6,4.83,GL,1716659123
207,zuru,11.4241,5.2288,89.44,46,49,5.5,NG,1716659124
208,tangalle,6.024,80.7911,80.33,89,100,18.66,LK,1716659125
209,tura,25.5198,90.2201,76.46,95,21,6.44,IN,1716659125
210,thunder bay,48.4001,-89.3168,57.18,54,75,12.66,CA,1716658900
211,gaspe,48.8334,-64.4819,55.62,67,75,8.05,CA,1716659042
212,zyryanskoye,56.8306,86.6258,40.46,87,99,6.64,RU,1716659127
213,la mira,18.035,-102.3266,86.61,46,1,9.13,MX,1716659127
214,vilyuchinsk,52.9306,158.4028,40.93,93,100,14.18,RU,1716659128
215,jamestown,42.097,-79.2353,62.24,82,100,8.05,US,1716658898
216,igarka,67.4667,86.5833,33.03,78,100,11.99,RU,1716659129
217,saipan,15.1355,145.701,79.5,83,100,8.05,MP,1716659130
218,klaksvik,62.2266,-6.589,50.92,99,100,11.14,FO,1716659130
219,mirecourt,48.3009,6.1328,68.43,56,55,1.14,FR,1716659131
220,namibe,-15.1961,12.1522,74.19,73,2,6.31,AO,1716659131
221,de haan,51.272,3.0429,68.14,59,20,3.44,BE,1716659132
222,vilyuysk,63.7553,121.6247,60.01,69,90,8.99,RU,1716659133
223,don luan,11.5333,106.9167,79.95,89,100,3.76,VN,1716659133
224,craig,40.5153,-107.5464,55.38,87,100,8.05,US,1716659134
225,howard springs,-12.497,131.047,76.91,90,28,0.72,AU,1716659135
226,'ain benian,36.8028,2.9219,75.25,74,48,8.55,DZ,1716659135
227,kashgar,39.4547,75.9797,70.81,49,40,20.13,CN,1716659136
228,cartagena,10.3997,-75.5144,85.62,84,20,5.75,CO,1716659137
229,turinsk,58.0458,63.696,51.98,95,95,5.1,RU,1716659137
230,panama city beach,30.1766,-85.8055,88.05,73,75,11.5,US,1716659040
231,tozeur,33.9197,8.1335,93.6,21,0,13.8,TN,1716659138
232,malanje,-9.5402,16.341,70.41,40,44,3.18,AO,1716659139
233,kayangel,8.0823,134.7173,83.5,79,91,8.81,PW,1716659139
234,nova olimpia,-14.7972,-57.2881,76.69,54,89,5.84,BR,1716659140
235,mount isa,-20.7333,139.5,58.77,77,2,2.3,AU,1716659141
236,oranjemund,-28.55,16.4333,56.7,90,1,6.4,NA,1716659141
237,cartagena del chaira,1.3349,-74.8429,79.12,92,86,2.39,CO,1716659142
238,lensk,60.7253,114.9278,54.21,48,1,4.32,RU,1716659142
239,katsuren-haebaru,26.3369,127.8719,79.18,95,75,6.91,JP,1716659143
240,ondjiva,-17.0667,15.7333,67.93,26,94,5.1,AO,1716659143
241,tianpeng,30.9866,103.9393,75.67,76,99,2.51,CN,1716659144
242,san luis de la loma,17.2706,-100.8939,89.08,47,37,8.25,MX,1716659144
243,soe,-9.8607,124.284,66.54,97,88,2.51,ID,1716659145
244,mariental,-24.6333,17.9667,69.51,20,3,7.67,NA,1716659146
245,tiassale,5.8983,-4.8283,82.11,78,100,6.22,CI,1716659146
246,launceston,-41.45,147.1667,39.15,93,20,4.61,AU,1716659147
247,bereeda,11.8704,51.0579,87.87,59,65,1.74,SO,1716659148
248,timbuktu,16.7735,-3.0074,109.92,8,34,1.81,ML,1716659148
249,waingapu,-9.6567,120.2641,76.68,87,62,9.46,ID,1716659149
250,ndago,-4.6,34.35,71.11,53,100,8.5,TZ,1716659149
251,vrangel',42.7297,133.0839,51.39,75,100,3.0,RU,1716659150
252,midvagur,62.0511,-7.1939,50.83,100,100,12.66,FO,1716659150
253,gazojak,41.1875,61.4036,59.25,22,9,17.56,TM,1716659151
254,ilheus,-14.7889,-39.0494,78.62,89,75,9.22,BR,1716659048
255,susuman,62.7833,148.1667,39.97,59,15,4.0,RU,1716659152
256,ballina,-28.8667,153.5667,58.78,92,43,6.44,AU,1716659153
257,hasaki,35.7333,140.8333,61.2,59,88,6.08,JP,1716659153
258,chiquimulilla,14.0858,-90.3767,91.51,51,25,7.76,GT,1716659154
259,villa gesell,-37.2639,-56.973,50.05,61,79,16.49,AR,1716659154
260,geraldton,-28.7667,114.6,57.61,88,0,10.36,AU,1716659155
261,chul'man,56.8479,124.9104,45.28,86,42,5.01,RU,1716659156
262,isla mujeres,21.2311,-86.731,87.85,66,0,13.65,MX,1716659157
263,carmarthen,51.8555,-4.3054,59.9,72,100,12.66,GB,1716659157
264,amahai,-3.3333,128.9167,78.04,93,100,4.43,ID,1716659158
265,enewetak,11.3474,162.3373,82.58,84,94,15.37,MH,1716659159
266,homer,59.6425,-151.5483,44.49,88,100,3.44,US,1716659159
267,svetlyy,54.675,20.1347,68.05,88,55,11.79,RU,1716659160
268,napier,-39.4833,176.9167,56.28,62,58,5.99,NZ,1716658989
269,gandajika,-6.75,23.95,78.62,43,86,3.02,CD,1716659161
270,fortuna,40.5982,-124.1573,56.98,81,100,14.97,US,1716659162
271,great falls,47.5002,-111.3008,60.67,48,40,11.5,US,1716659162
272,kiunga,-6.1219,141.2906,75.33,100,82,2.68,PG,1716659163
273,kisi,9.0833,3.85,74.3,79,93,3.89,NG,1716659163
274,ola,59.5833,151.2833,47.14,72,87,12.41,RU,1716659164
275,kharabali,47.4196,47.2568,59.27,39,78,11.41,RU,1716659164
276,pontes e lacerda,-15.2261,-59.3353,66.74,54,100,8.5,BR,1716659001
277,morondava,-20.2833,44.2833,75.4,73,9,13.98,MG,1716659166
278,akureyri,65.6835,-18.0878,62.53,55,40,19.57,IS,1716659005
279,buta,2.7858,24.73,71.31,98,78,1.52,CD,1716659167
280,izmail,45.3493,28.8408,64.69,53,60,8.34,UA,1716659167
281,utrik,11.2278,169.8474,81.5,81,96,17.27,MH,1716659168
282,cloquet,46.7216,-92.4594,65.68,51,0,13.8,US,1716659169
283,saint-philippe,-21.3585,55.7679,71.19,87,58,10.92,RE,1716659169
284,kourou,5.1552,-52.6478,77.05,78,65,6.22,GF,1716659170
285,suva,-18.1416,178.4415,74.68,100,75,5.75,FJ,1716659170
286,la sarre,48.8002,-79.1996,61.27,47,100,6.8,CA,1716659171
287,itoman,26.1247,127.6694,79.18,94,75,8.05,JP,1716659171
288,plyeshchanitsy,54.4222,27.8331,61.77,79,60,5.55,BY,1716659172
289,saint-pierre,-21.3393,55.4781,71.28,88,75,3.44,RE,1716659172
290,piacabucu,-10.4056,-36.4344,81.72,67,83,10.09,BR,1716659173
291,ancud,-41.8697,-73.8203,47.93,65,95,10.92,CL,1716659084
292,sovetskaya,44.7769,41.1722,57.9,57,85,23.64,RU,1716659174
293,minas de marcona,-15.2119,-75.1103,66.33,54,0,18.37,PE,1716659175
294,cabugao,17.7931,120.4578,83.89,84,100,3.65,PH,1716659175
295,la'ie,21.6477,-157.9253,78.76,76,89,8.01,US,1716659176
296,ornskoldsvik,63.2909,18.7153,56.35,44,0,9.22,SE,1716659176
297,yantarnyy,54.8717,19.9381,67.86,87,68,13.18,RU,1716659177
298,pitimbu,-7.4706,-34.8086,86.59,71,99,13.94,BR,1716659177
299,bousso,10.4795,16.7117,87.12,52,56,13.38,TD,1716659178
300,acapulco de juarez,16.8634,-99.8901,87.62,58,20,10.36,MX,1716658928
301,colonia,50.9333,6.95,68.25,67,20,4.61,DE,1716659087
302,phan rang-thap cham,11.5667,108.9833,79.32,82,90,3.24,VN,1716659180
303,aytos,42.7,27.25,63.82,88,23,5.5,BG,1716659180
304,acarau,-2.8856,-40.12,83.37,81,94,13.11,BR,1716659181
305,castillos,-34.1667,-53.8333,52.36,60,43,10.31,UY,1716659181
306,surgut,61.25,73.4167,46.9,87,75,6.71,RU,1716658889
307,mabaruma,8.2,-59.7833,87.19,73,85,1.92,GY,1716659182
308,kapuskasing,49.4169,-82.4331,50.09,93,100,12.66,CA,1716659161
309,bethanie,-26.4833,17.15,68.34,21,3,1.57,NA,1716659183
310,taoudenni,22.6783,-3.9836,105.57,8,1,10.4,ML,1716659184
311,puerto armuelles,8.2833,-82.8667,83.97,74,65,1.01,PA,1716659000
312,carrigaline,51.8117,-8.3986,53.35,100,75,21.85,IE,1716659185
313,nichinan,31.6,131.3667,67.68,78,100,3.42,JP,1716659186
314,kenai,60.5544,-151.2583,50.14,89,100,5.75,US,1716659186
315,bathurst,-33.4166,149.5806,41.83,90,72,2.1,AU,1716659187
316,kittila,67.6647,24.8936,54.61,30,0,5.75,FI,1716659187
317,qamdo,31.1667,97.2333,45.66,74,55,5.19,CN,1716659188
318,hadibu,12.65,54.0333,86.63,72,21,2.95,YE,1716659189
319,bardai,11.65,7.2333,83.95,52,86,12.24,NG,1716659190
320,leua,48.2156,18.6071,65.84,73,99,7.81,SK,1716659191
321,lochbuie,40.0072,-104.7161,74.52,35,75,6.91,US,1716659191
322,iwon-up,40.3231,128.6553,55.78,80,100,4.41,KP,1716659192
323,hassi messaoud,31.6804,6.0729,96.66,15,0,10.36,DZ,1716659192
324,bamboo flat,11.7,92.7167,84.29,84,100,12.66,IN,1716659193
325,brokopondo,4.75,-55.1667,81.39,74,99,2.77,SR,1716659193
326,buala,-8.145,159.5921,80.96,85,62,5.79,SB,1716659195
327,zouerate,22.7187,-12.4521,89.04,13,93,12.82,MR,1716659195
328,kaliua,-5.0606,31.7936,74.61,49,93,4.36,TZ,1716659196
329,dunedin,-45.8742,170.5036,42.8,80,84,15.99,NZ,1716659179
330,duluth,46.7833,-92.1066,67.35,47,0,26.46,US,1716659087
331,simanggang,1.2472,111.4528,76.98,94,100,0.0,MY,1716659198
332,dalandzadgad,43.5708,104.425,55.94,28,9,2.51,MN,1716659198
333,kununurra,-15.7667,128.7333,67.98,83,0,2.3,AU,1716659199
334,amga,60.8953,131.9608,38.89,86,41,2.39,RU,1716659200
335,cozumel,20.5083,-86.9458,91.47,64,40,18.41,MX,1716658903
336,kalmunai,7.4167,81.8167,80.87,81,99,11.79,LK,1716659201
337,puerto deseado,-47.7503,-65.8938,42.58,71,99,7.63,AR,1716659201
338,mount washington,38.0501,-85.5458,81.93,74,36,7.78,US,1716659202
339,murun-kuren,49.6342,100.1625,56.07,40,98,4.21,MN,1716659203
340,severo-yeniseyskiy,60.3725,93.0408,31.57,75,11,1.99,RU,1716659203
341,sarangani,5.4033,125.4636,82.94,81,100,7.02,PH,1716659204
342,creswell,43.9179,-123.0245,60.35,64,80,4.18,US,1716659204
343,hammerfest,70.6634,23.6821,39.65,93,100,16.11,NO,1716659205
344,coquimbo,-29.9533,-71.3436,55.98,85,100,4.61,CL,1716659206
345,vidyayevo,69.3191,32.8049,38.73,67,100,16.82,RU,1716659206
346,tamanrasset,22.785,5.5228,98.51,6,0,5.75,DZ,1716659207
347,tomatlan,19.9333,-105.25,92.82,37,0,10.65,MX,1716659207
348,es castell,39.8795,4.2854,72.28,56,0,6.91,ES,1716659208
349,winmalee,-33.6799,150.6083,49.91,94,100,0.0,AU,1716659209
350,kertih,4.5141,103.4483,80.62,94,100,0.0,MY,1716659210
351,hengchun,22.0042,120.7439,83.21,81,92,12.37,TW,1716659210
352,colares,38.7992,-9.4469,74.39,70,20,10.36,PT,1716659211
353,buka,40.8108,69.1986,69.44,37,87,13.18,UZ,1716659152
354,manaus,-3.1019,-60.025,79.29,83,75,4.61,BR,1716659079
355,brisas de zicatela,15.8369,-97.0419,88.32,70,40,5.75,MX,1716659213
356,katangi,23.45,79.7833,97.05,23,39,7.29,IN,1716659213
357,doberlug-kirchhain,51.6167,13.5667,66.0,82,70,2.28,DE,1716659214
358,hobyo,5.3505,48.5268,83.35,77,75,27.13,SO,1716659215
359,luderitz,-26.6481,15.1594,61.83,67,1,13.51,NA,1716659215
360,matoury,4.8483,-52.3317,76.96,94,100,4.61,GF,1716659216
361,pirane,-25.7324,-59.1088,56.84,48,72,7.72,AR,1716659216
362,tazovsky,67.4667,78.7,29.39,97,100,5.41,RU,1716658997
363,uturoa,-16.7333,-151.4333,81.55,81,30,17.63,PF,1716659218
364,al muwayh,22.4333,41.7583,92.05,13,4,20.07,SA,1716659219
365,changji,44.0167,87.3167,70.59,52,0,2.24,CN,1716659219
366,robertsport,6.7533,-11.3686,83.19,77,88,8.66,LR,1716659220
367,palmer,42.1584,-72.3287,79.32,42,75,10.36,US,1716659220
368,polyarnyy,69.1989,33.4478,39.18,72,97,14.54,RU,1716659221
369,fort stockton,30.894,-102.8793,94.15,8,0,10.36,US,1716659222
370,belyy yar,53.6039,91.3903,55.29,82,0,6.71,RU,1716659222
371,formosa,-26.1775,-58.1781,56.97,57,91,1.99,AR,1716659116
372,hosanagara,13.9167,75.0667,73.69,96,100,6.64,IN,1716659223
373,rakamaz,48.1333,21.4667,71.73,36,29,5.41,HU,1716659224
374,al burayqah,30.4062,19.5739,85.55,37,83,22.55,LY,1716659225
375,ar rutbah,33.0381,40.2848,75.87,25,0,4.25,IQ,1716659225
376,impfondo,1.6381,18.0667,73.02,96,85,2.98,CG,1716659226
377,corum,40.5,34.75,52.38,88,40,4.56,TR,1716659226
378,bei'an,24.5399,109.533,75.02,96,99,3.53,CN,1716659227
379,carnarvon,-24.8667,113.6333,68.86,82,0,16.37,AU,1716659228
380,revda,56.801,59.9303,56.43,85,98,9.64,RU,1716659228
381,juneau,58.3019,-134.4197,46.4,81,100,16.11,US,1716658948
382,tandahimba,-10.75,39.6333,66.61,96,66,2.04,TZ,1716659229
383,kapa'a,22.0752,-159.319,77.09,80,100,13.8,US,1716659230
384,berdigestyakh,62.0989,126.6992,42.19,80,0,4.38,RU,1716659231
385,santo antonio,-6.3106,-35.4789,83.16,72,100,13.09,BR,1716659231
386,veselynove,47.3567,31.2349,61.38,43,0,7.61,UA,1716659232
387,shimoda,34.6667,138.95,61.11,84,100,7.65,JP,1716659233
388,jingdezhen,29.2947,117.2079,73.0,93,28,1.66,CN,1716659233
389,gornozavodsk,58.3758,58.3211,49.41,96,100,7.76,RU,1716659234
390,karratha,-20.7377,116.8463,73.99,43,0,8.55,AU,1716659234
391,alo,7.4178,6.7371,78.37,82,66,4.27,NG,1716659235
392,corner brook,48.9667,-57.9484,44.76,97,100,4.32,CA,1716659107
393,quartu sant'elena,39.2419,9.1839,73.62,73,20,6.91,IT,1716659236
394,whitehouse,32.2268,-95.2255,86.09,80,97,1.99,US,1716659141
395,kadugli,11.0167,29.7167,95.79,28,71,5.48,SD,1716659237
396,miri,4.4148,114.0089,80.74,94,40,0.0,MY,1716659237
397,itigi,-5.7,34.4833,72.16,51,97,4.43,TZ,1716659238
398,dadukou,26.5479,101.7054,76.39,65,14,3.24,CN,1716659238
399,virginia,37.5481,-77.4467,90.34,53,40,6.91,US,1716659136
400,prado,-17.3411,-39.2208,79.21,70,98,9.69,BR,1716659240
401,bodo,67.28,14.405,59.04,47,0,11.5,NO,1716659240
402,kentville,45.0835,-64.4988,68.02,52,16,10.36,CA,1716659241
403,tazacorte,28.629,-17.9293,70.77,83,20,9.22,ES,1716659241
404,indramayu,-6.3264,108.32,81.14,80,100,9.55,ID,1716659242
405,villa union,23.2,-106.2333,87.76,58,0,5.75,MX,1716659242
406,calapan,13.4117,121.1803,79.61,84,100,9.73,PH,1716659243
407,labrador city,52.9463,-66.9114,40.91,86,75,11.5,CA,1716659173
408,kingston,17.997,-76.7936,93.16,66,20,11.5,JM,1716658947
409,glace bay,46.1969,-59.957,61.9,67,75,9.22,CA,1716659245
410,hirara,24.8,125.2833,79.07,94,100,2.3,JP,1716659245
411,batouri,4.4333,14.3667,71.71,94,92,2.55,CM,1716659246
412,bonthe,7.5264,-12.505,85.15,71,100,7.61,SL,1716659246
413,ostroleka,53.0862,21.5757,68.94,84,100,9.26,PL,1716659247
414,agat village,13.3886,144.6585,81.54,78,40,6.91,GU,1716659247
415,huarmey,-10.0681,-78.1522,71.74,72,17,12.55,PE,1716659245
416,salinopolis,-0.6136,-47.3561,82.2,84,99,6.82,BR,1716659249
417,naze,28.3667,129.4833,72.52,91,90,4.61,JP,1716659250
418,estevan,49.1334,-102.9842,55.74,40,0,14.97,CA,1716659078
419,anadyr,64.75,177.4833,28.9,92,0,6.71,RU,1716659251
420,walvis bay,-22.9575,14.5053,63.09,46,3,17.27,NA,1716659251
421,lakatoro,-16.0999,167.4164,75.56,86,96,13.18,VU,1716659252
422,yeppoon,-23.1333,150.7333,63.25,85,3,10.38,AU,1716659253
423,cockburn town,21.4612,-71.1419,82.36,74,40,4.61,TC,1716659133
424,dukku,10.8231,10.7717,91.22,37,45,12.15,NG,1716659254
425,khandyga,62.6667,135.6,42.26,73,27,1.83,RU,1716659254
426,kindu,-2.95,25.95,80.49,62,64,1.39,CD,1716659255
427,puerto lempira,15.2667,-83.7667,93.22,50,69,13.09,HN,1716659255
428,dieppe,49.75,1.1667,66.38,77,71,1.01,FR,1716659143
429,sierra grande,-41.606,-65.3557,45.88,44,6,6.96,AR,1716659256
430,moldova noua,44.7375,21.6669,62.1,63,34,9.75,RO,1716659257
431,muborak,39.2553,65.1528,69.51,35,0,23.91,UZ,1716659258
432,cabo san lucas,22.8909,-109.9124,91.18,44,88,10.0,MX,1716659214
433,antsohihy,-14.8796,47.9875,72.21,66,15,4.99,MG,1716659259
434,winnemucca,40.973,-117.7357,60.85,41,75,3.44,US,1716659259
435,viedma,-40.8135,-62.9967,50.14,44,6,6.69,AR,1716659260
436,fort bragg,35.139,-79.006,92.82,55,38,1.99,US,1716659260
437,usinsk,65.9939,57.5281,31.06,74,99,23.0,RU,1716659262
438,chabua,27.4825,95.1736,80.55,70,5,4.83,IN,1716659262
439,constitucion,-35.3333,-72.4167,55.65,74,100,9.13,CL,1716659157
440,boromo,11.75,-2.9333,94.98,30,100,7.72,BF,1716659264
441,labuan,5.2767,115.2417,80.96,94,20,0.0,MY,1716659264
442,gourcy,13.2167,-2.35,106.32,15,100,7.99,BF,1716659265
443,cafayate,-26.073,-65.9761,51.17,52,15,12.84,AR,1716659265
444,lamarque,-39.423,-65.7021,50.04,40,10,8.84,AR,1716659266
445,bontang,0.1333,117.5,79.09,90,97,6.67,ID,1716659267
446,lata,40.1629,-8.3327,66.31,62,26,8.46,PT,1716659267
447,filingue,14.3521,3.3168,103.59,21,58,7.58,NE,1716659268
448,batonyterenye,47.9696,19.8408,68.97,70,97,1.81,HU,1716659268
449,gouyave,12.1646,-61.7296,86.77,74,40,13.8,GD,1716659269
450,levuka,50.1834,-105.4011,55.11,47,22,4.97,CA,1716659270
451,nar'yan-mar,67.6713,53.087,30.11,79,94,20.0,RU,1716659271
452,guigang,23.0964,109.6092,77.59,94,100,4.41,CN,1716659271
453,gisborne,-38.6533,178.0042,57.02,61,44,11.1,NZ,1716659272
454,ji'an,27.1172,114.9793,75.83,86,0,6.44,CN,1716659159
455,peniche,39.3558,-9.3811,72.09,83,27,7.09,PT,1716659273
456,tutoia,-2.7619,-42.2744,83.93,76,51,5.59,BR,1716659274
457,pisco,-13.7,-76.2167,68.05,77,0,5.75,PE,1716659274
458,greymouth,-42.4667,171.2,49.95,74,100,18.95,NZ,1716659256
459,chibougamau,49.9168,-74.3659,58.62,44,20,5.75,CA,1716659238
460,bodaybo,57.8506,114.1933,51.55,67,8,0.85,RU,1716659276
461,bubaque,11.2833,-15.8333,81.52,73,72,15.08,GW,1716659276
462,mana,5.6592,-53.7767,81.63,82,99,7.67,GF,1716659277
463,arraias,-12.9288,-46.9437,86.67,22,93,4.14,BR,1716659278
464,sao vicente,-23.9631,-46.3919,71.78,70,100,3.44,BR,1716659176
465,mili,6.0815,171.735,83.59,80,18,16.08,MH,1716659279
466,nova odesa,47.3078,31.7851,62.17,41,0,9.06,UA,1716659279
467,guararapes,-21.2608,-50.6428,65.88,75,90,2.82,BR,1716659180
468,sinabang,2.4803,96.3801,81.86,83,100,0.72,ID,1716659280
469,carupano,10.6678,-63.2585,87.76,65,98,14.76,VE,1716659281
470,sao miguel do araguaia,-13.275,-50.1628,90.63,33,100,5.32,BR,1716659281
471,south hedland,-20.4089,118.5983,71.53,30,0,10.36,AU,1716659282
472,belaya kholunitsa,58.84,50.8528,53.56,90,100,9.24,RU,1716659283
473,oroqen zizhiqi,50.5667,123.7167,49.95,50,100,3.47,CN,1716659283
474,malemort-sur-correze,45.1701,1.5619,69.37,72,99,1.74,FR,1716659284
475,howrah,22.5892,88.3103,86.0,79,40,9.22,IN,1716659284
476,khorugh,37.4897,71.553,51.98,55,9,5.68,TJ,1716659285
477,ocean city,39.2776,-74.5746,84.18,70,75,5.99,US,1716659286
478,na mom,6.9586,100.5568,76.84,94,40,2.3,TH,1716659286
479,island harbour,50.724,-1.2758,63.03,62,76,5.01,GB,1716659287
480,fendou,46.65,124.8667,53.58,77,100,2.24,CN,1716659287
481,dronero,44.4657,7.3513,65.05,74,80,2.28,IT,1716659288
482,igra,57.5558,53.0547,55.47,85,45,12.41,RU,1716659289
483,torokszentmiklos,47.1833,20.4167,75.25,46,0,18.41,HU,1716659289
484,sibay,52.7181,58.6658,58.21,55,62,4.0,RU,1716659290
485,newman,37.3138,-121.0208,71.24,54,7,5.01,US,1716659290
486,christchurch,-43.5333,172.6333,44.94,78,84,5.75,NZ,1716659291
487,maputo,-25.9653,32.5892,73.08,83,0,5.01,MZ,1716659291
488,tralee,52.2704,-9.7026,55.65,88,100,13.8,IE,1716659292
489,marsa alam,25.0757,34.8918,80.33,45,0,11.79,EG,1716659292
490,mongagua,-24.0931,-46.6208,65.82,88,100,6.51,BR,1716659293
491,manado,1.487,124.8455,77.77,100,40,2.3,ID,1716659109
492,konarka,19.9,86.1167,88.2,70,100,9.42,IN,1716659294
493,gizo,-8.103,156.8419,82.06,82,100,5.5,SB,1716659295
494,crane,31.3974,-102.3501,93.72,9,0,10.38,US,1716659296
495,hami,42.8,93.45,81.46,15,3,25.41,CN,1716659296
496,dampit,-8.2116,112.7493,70.54,98,64,3.96,ID,1716659297
497,polovinnoye,54.7914,65.9864,44.87,60,7,10.27,RU,1716659297
498,urangan,-25.3,152.9,60.21,92,0,4.0,AU,1716659298
499,albufeira,37.0882,-8.2503,71.44,34,25,16.17,PT,1716659167
500,kuching,1.55,110.3333,80.02,96,20,0.0,MY,1716659154
501,onega,63.9061,38.1404,43.18,58,76,5.77,RU,1716659299
502,ixtapa,20.7,-105.2,85.23,58,0,5.75,MX,1716659300
503,placer,39.0666,-120.7677,59.85,67,32,5.99,US,1716659301
504,pokrovsk,48.282,37.1758,57.13,53,2,10.02,UA,1716659301
505,qui nhon,13.7667,109.2333,80.91,82,84,5.37,VN,1716659302
506,praia,14.9215,-23.5087,81.14,61,75,21.85,CV,1716659303
507,plastun,44.7561,136.2939,46.92,69,97,4.38,RU,1716659303
508,baheri,28.7833,79.5,96.84,24,52,7.07,IN,1716659304
509,prince rupert,54.3161,-130.3201,48.29,81,100,5.75,CA,1716659305
510,sao joao da barra,-21.6403,-41.0511,84.29,71,100,19.44,BR,1716659305
511,pahrump,36.2083,-115.9839,75.25,30,0,3.0,US,1716659306
512,la passe,45.5549,-0.8967,73.63,73,81,6.04,FR,1716659306
513,quang ngai,15.1167,108.8,76.5,93,100,3.58,VN,1716659307
514,gorodovikovsk,46.0878,41.9335,59.25,38,85,21.05,RU,1716659307
515,kalmar,56.6616,16.3616,64.33,82,5,4.61,SE,1716659308
516,kavieng,-2.5744,150.7967,83.48,79,53,14.92,PG,1716659309
517,charters towers,-20.1,146.2667,63.21,77,87,8.48,AU,1716659309
518,calingasta,-31.3308,-69.4078,55.26,25,0,7.11,AR,1716659310
519,antalaha,-14.9003,50.2788,69.58,81,38,7.99,MG,1716659310
520,baruun-urt,46.6806,113.2792,41.92,87,74,2.89,MN,1716659311
521,shimokizukuri,40.8061,140.3861,47.89,87,55,4.0,JP,1716659311
522,itamaraju,-17.0392,-39.5311,87.39,39,100,6.51,BR,1716659312
523,solwezi,-12.1688,26.3894,61.77,51,37,4.0,ZM,1716659313
524,lamu,-2.2717,40.902,79.63,82,34,16.46,KE,1716659313
525,maffra,-37.9667,146.9833,43.43,90,4,3.42,AU,1716659314
526,orsa,54.5153,30.4053,60.69,78,3,6.08,BY,1716659314
527,goz beida,13.95,20.55,95.16,17,17,5.75,TD,1716659315
528,pleiku,13.9833,108.0,71.85,94,100,1.36,VN,1716659315
529,brookings,44.3114,-96.7984,67.12,64,100,18.41,US,1716659202
530,valdivia,-39.8142,-73.2459,46.49,70,100,4.41,CL,1716659317
531,kuqa,41.7278,82.9364,74.53,24,100,6.4,CN,1716659317
532,pandan,14.0453,124.1694,81.95,83,100,12.41,PH,1716659318
533,wewak,-3.5534,143.6268,80.64,89,94,7.56,PG,1716659318
534,"laikit, laikit ii (dimembe)",1.4792,124.9735,74.25,100,40,2.3,ID,1716659319
535,lashio,22.9333,97.75,70.47,99,100,1.28,MM,1716659319
536,tekkali,18.6167,84.2333,82.87,79,94,5.17,IN,1716659320
537,thanatpin,17.2119,96.3033,78.98,98,100,3.51,MM,1716659321
538,santo augusto,-27.8508,-53.7772,50.85,67,97,7.94,BR,1716659321
539,pirawa,24.1551,76.0273,101.61,15,23,2.46,IN,1716659322
540,kuala terengganu,5.3302,103.1408,84.15,89,20,2.3,MY,1716659322
541,zhuanghe,39.7008,122.9911,59.58,93,100,8.7,CN,1716659323
542,pyay,18.8167,95.2167,78.75,92,100,12.77,MM,1716659323
543,tocopilla,-22.092,-70.1979,69.21,62,16,10.02,CL,1716659324
544,urzhar,47.093,81.6294,60.85,59,27,5.23,KZ,1716659325
545,al hawatah,13.4167,34.6333,101.86,19,10,4.18,SD,1716659325
546,soto la marina,23.7667,-98.2167,106.05,31,0,16.42,MX,1716659326
547,saint-francois,46.4154,3.9054,67.44,58,0,3.44,FR,1716659326
548,ciudad satelite,19.5167,-99.25,81.1,28,0,7.43,MX,1716659327
549,chos malal,-37.3781,-70.2709,38.43,98,100,5.48,AR,1716659327
550,tofol,5.3248,163.0078,83.66,80,67,11.77,FM,1716659328
551,juan griego,11.0817,-63.9655,89.11,60,100,12.71,VE,1716659329
552,mokrous,51.2333,47.5167,58.62,48,6,7.0,RU,1716659330
553,kerikeri,-35.2268,173.9474,52.92,89,17,3.0,NZ,1716659331
554,posto fiscal rolim de moura,-13.0833,-62.2667,80.71,42,73,6.8,BR,1716659331
555,cromwell,41.5951,-72.6454,82.17,45,0,10.36,US,1716659332
556,lambare,-25.3468,-57.6065,57.63,62,75,9.22,PY,1716659142
557,paradip garh,20.3167,86.6167,86.02,78,100,14.07,IN,1716659333
558,box elder,41.5005,-112.8764,57.04,53,100,11.41,US,1716659334
559,ouarzazat,30.9189,-6.8934,91.69,8,36,10.36,MA,1716659335
560,olinda,-8.0089,-34.8553,85.73,70,75,16.11,BR,1716659132
561,sonoita,31.85,-112.8333,82.11,22,0,11.59,MX,1716659336
562,sao jose da coroa grande,-8.8978,-35.1478,81.97,65,49,9.13,BR,1716659337
563,magadan,59.5667,150.8,46.53,77,96,12.88,RU,1716659337
564,la sierpe,2.8518,-77.6155,85.87,69,38,5.95,CO,1716659338
565,bensonville,6.4461,-10.6125,85.55,83,87,6.82,LR,1716659338
566,nicoya,10.1483,-85.452,90.93,57,24,4.12,CR,1716659339
567,aykhal,66.0,111.5,44.35,97,100,7.36,RU,1716659339
568,kapoeta,4.7717,33.5903,85.1,49,93,7.83,SS,1716659340
569,tondano,1.3038,124.9112,69.89,98,100,1.34,ID,1716659341
570,dickinson,29.4608,-95.0513,95.13,72,40,10.36,US,1716659200
571,southold,41.0648,-72.4262,77.83,69,59,7.74,US,1716659342
572,kargil,34.5667,76.1,48.7,47,36,6.38,IN,1716659342
573,palikir - national government center,6.9248,158.1611,81.34,83,100,4.61,FM,1716659343
574,tyup,42.7276,78.3648,55.8,65,84,3.83,KG,1716659344
575,pangai,-19.8,-174.35,77.58,79,100,14.47,TO,1716659345
576,xilin hot,43.9667,116.0333,45.9,73,87,15.12,CN,1716659346
